<?xml version="1.0" encoding="UTF-8"?>
<!DOCTYPE generatorConfiguration
        PUBLIC "-//mybatis.org//DTD MyBatis Generator Configuration 1.0//EN"
        "http://mybatis.org/dtd/mybatis-generator-config_1_0.dtd">

<generatorConfiguration>

    <context id="mysqlgenerator" targetRuntime="MyBatis3">
        <property name="autoDelimitKeywords" value="true"/>
        <!--可以使用``包括字段名，避免字段名与sql保留字冲突报错-->
        <property name="beginningDelimiter" value="`"/>
        <property name="endingDelimiter" value="`"/>

        <!-- 自动生成toString方法 -->
        <plugin type="org.mybatis.generator.plugins.ToStringPlugin"/>
        <!-- 自动生成equals方法和hashcode方法 -->
        <plugin type="org.mybatis.generator.plugins.EqualsHashCodePlugin"/>

        <!-- 非官方插件 https://github.com/itfsw/mybatis-generator-plugin -->
        <!-- 查询单条数据插件 -->
        <plugin type="com.itfsw.mybatis.generator.plugins.SelectOneByExamplePlugin"/>
        <!-- 查询结果选择性返回插件 -->
        <plugin type="com.itfsw.mybatis.generator.plugins.SelectSelectivePlugin"/>
        <!-- Example Criteria 增强插件 -->
        <plugin type="com.itfsw.mybatis.generator.plugins.ExampleEnhancedPlugin"/>
        <!-- 数据Model属性对应Column获取插件 -->
        <plugin type="com.itfsw.mybatis.generator.plugins.ModelColumnPlugin"/>
        <!-- 逻辑删除插件 -->
        <plugin type="com.itfsw.mybatis.generator.plugins.LogicalDeletePlugin">
            <!-- 这里配置的是全局逻辑删除列和逻辑删除值，当然在table中配置的值会覆盖该全局配置 -->
            <!-- 逻辑删除列类型只能为数字、字符串或者布尔类型 -->
            <property name="logicalDeleteColumn" value="deleted"/>
            <!-- 逻辑删除-已删除值 -->
            <property name="logicalDeleteValue" value="1"/>
            <!-- 逻辑删除-未删除值 -->
            <property name="logicalUnDeleteValue" value="0"/>
        </plugin>

        <commentGenerator>
            <property name="suppressDate" value="true"/>
            <!--<property name="suppressAllComments" value="true"/>-->
        </commentGenerator>

        <!--数据库连接信息-->
        <jdbcConnection driverClass="com.mysql.cj.jdbc.Driver"
                        connectionURL="jdbc:mysql://127.0.0.1:3306/bookmanageYWJ?useUnicode=true&amp;characterEncoding=UTF-8&amp;serverTimezone=UTC&amp;verifyServerCertificate=false&amp;useSSL=false&amp;nullCatalogMeansCurrent=true"
                        userId="root"
                        password="111"/>

        <javaTypeResolver>
            <property name="useJSR310Types" value="true"/>
        </javaTypeResolver>

        <javaModelGenerator targetPackage="zjc.manage.domain" targetProject="src/main/java"/>
        <sqlMapGenerator targetPackage="zjc.manage.dao" targetProject="src/main/resources"/>
        <javaClientGenerator type="XMLMAPPER" targetPackage="zjc.manage.dao"
                             targetProject="src/main/java"/>
        <!--表名-->
        <table tableName="Book">
            <generatedKey column="BookID" sqlStatement="MySql" identity="true"/>
        </table>

        <table tableName="BookKind">
            <generatedKey column="BookKindID" sqlStatement="MySql" identity="true"/>
        </table>


    </context>
</generatorConfiguration>